feature,priority_encoded_importance,urgency_encoded_importance,impact_encoded_importance,mean_importance
avg_word_length,0.22377412,0.26302296,0.16312906,0.21664207
retrieval_quality_score,0.24528061,0.15831959,0.19981448,0.20113824
text_complexity_score,0.17904097,0.2089709,0.16459109,0.18420099
special_char_ratio,0.08623338,0.07307782,0.14892206,0.10274442
corpus_quality_score,0.10446246,0.10151053,0.101313986,0.102428995
text_word_count,0.07627209,0.11313805,0.08196195,0.09045737
text_char_count,0.050389003,0.054765936,0.08884832,0.064667754
similarity_confidence,0.034547392,0.027194178,0.051419117,0.03772023
